name	x	y	z	material
Fpz	0.0	0.09494214013934704	-0.0033151207761689	sintered Ag/AgCl active electrodes
T7	-0.09494214013934704	5.81352940129254e-18	-0.0033151207761689	sintered Ag/AgCl active electrodes
O1	-0.02791979948389248	-0.08592830723280999	0.029356614465620007	sintered Ag/AgCl active electrodes
POz	9.412220689862371e-18	-0.07685661446562	0.05583959896778495	sintered Ag/AgCl active electrodes
Oz	1.1064729025646377e-17	-0.09035036904803959	0.029356614465620007	sintered Ag/AgCl active electrodes
Iz	1.1634144591899856e-17	-0.095	5.817072295949928e-18	sintered Ag/AgCl active electrodes
O2	0.02791979948389248	-0.08592830723280999	0.029356614465620007	sintered Ag/AgCl active electrodes
T8	0.09494214013934704	5.81352940129254e-18	-0.0033151207761689	sintered Ag/AgCl active electrodes
